studentFullName,studentAdm,email,guardianName,phoneNumber,gender,className
Student 1,ADM-001,student1@example.com,Guardian 1,0712345678,MALE,1 north
Student 2,ADM-002,student2@example.com,Guardian 2,0712345679,FEMALE,1 north
Student 3,ADM-003,student3@example.com,Guardian 3,0712345680,MALE,1 north
Student 4,ADM-004,student4@example.com,Guardian 4,0712345681,FEMALE,1 north
Student 5,ADM-005,student5@example.com,Guardian 5,0712345682,MALE,1 north
Student 6,ADM-006,student6@example.com,Guardian 6,0712345683,FEMALE,1 north
Student 7,ADM-007,student7@example.com,Guardian 7,0712345684,MALE,1 north
Student 8,ADM-008,student8@example.com,Guardian 8,0712345685,FEMALE,1 north
Student 9,ADM-009,student9@example.com,Guardian 9,0712345686,MALE,1 north
Student 10,ADM-010,student10@example.com,Guardian 10,0712345687,FEMALE,1 north
Student 11,ADM-011,student11@example.com,Guardian 11,0712345688,MALE,1 north
Student 12,ADM-012,student12@example.com,Guardian 12,0712345689,FEMALE,1 north
Student 13,ADM-013,student13@example.com,Guardian 13,0712345690,MALE,1 north
Student 14,ADM-014,student14@example.com,Guardian 14,0712345691,FEMALE,1 north
Student 15,ADM-015,student15@example.com,Guardian 15,0712345692,MALE,1 north
Student 16,ADM-016,student16@example.com,Guardian 16,0712345693,FEMALE,1 north
Student 17,ADM-017,student17@example.com,Guardian 17,0712345694,MALE,1 north
Student 18,ADM-018,student18@example.com,Guardian 18,0712345695,FEMALE,1 north
Student 19,ADM-019,student19@example.com,Guardian 19,0712345696,MALE,1 north
Student 20,ADM-020,student20@example.com,Guardian 20,0712345697,FEMALE,1 north
Student 21,ADM-021,student21@example.com,Guardian 21,0712345698,MALE,1 north
Student 22,ADM-022,student22@example.com,Guardian 22,0712345699,FEMALE,1 north
Student 23,ADM-023,student23@example.com,Guardian 23,0712345700,MALE,1 north
Student 24,ADM-024,student24@example.com,Guardian 24,0712345701,FEMALE,1 north
Student 25,ADM-025,student25@example.com,Guardian 25,0712345702,MALE,1 north
Student 26,ADM-026,student26@example.com,Guardian 26,0712345703,FEMALE,1 north
Student 27,ADM-027,student27@example.com,Guardian 27,0712345704,MALE,1 north
Student 28,ADM-028,student28@example.com,Guardian 28,0712345705,FEMALE,1 north
Student 29,ADM-029,student29@example.com,Guardian 29,0712345706,MALE,1 north
Student 30,ADM-030,student30@example.com,Guardian 30,0712345707,FEMALE,1 north
Student 31,ADM-031,student31@example.com,Guardian 31,0712345708,MALE,1 north
Student 32,ADM-032,student32@example.com,Guardian 32,0712345709,FEMALE,1 north
Student 33,ADM-033,student33@example.com,Guardian 33,0712345710,MALE,1 north
Student 34,ADM-034,student34@example.com,Guardian 34,0712345711,FEMALE,1 north
Student 35,ADM-035,student35@example.com,Guardian 35,0712345712,MALE,1 north
Student 36,ADM-036,student36@example.com,Guardian 36,0712345713,FEMALE,1 north
Student 37,ADM-037,student37@example.com,Guardian 37,0712345714,MALE,1 north
Student 38,ADM-038,student38@example.com,Guardian 38,0712345715,FEMALE,1 north
Student 39,ADM-039,student39@example.com,Guardian 39,0712345716,MALE,1 north
Student 40,ADM-040,student40@example.com,Guardian 40,0712345717,FEMALE,1 north
Student 41,ADM-041,student41@example.com,Guardian 41,0712345718,MALE,1 north
Student 42,ADM-042,student42@example.com,Guardian 42,0712345719,FEMALE,1 north
Student 43,ADM-043,student43@example.com,Guardian 43,0712345720,MALE,1 north
Student 44,ADM-044,student44@example.com,Guardian 44,0712345721,FEMALE,1 north
Student 45,ADM-045,student45@example.com,Guardian 45,0712345722,MALE,1 north
Student 46,ADM-046,student46@example.com,Guardian 46,0712345723,FEMALE,1 north
Student 47,ADM-047,student47@example.com,Guardian 47,0712345724,MALE,1 north
Student 48,ADM-048,student48@example.com,Guardian 48,0712345725,FEMALE,1 north
Student 49,ADM-049,student49@example.com,Guardian 49,0712345726,MALE,1 north
Student 50,ADM-050,student50@example.com,Guardian 50,0712345727,FEMALE,1 north
Student 51,ADM-051,student51@example.com,Guardian 51,0712345728,MALE,1 north
Student 52,ADM-052,student52@example.com,Guardian 52,0712345729,FEMALE,1 north
Student 53,ADM-053,student53@example.com,Guardian 53,0712345730,MALE,1 north
Student 54,ADM-054,student54@example.com,Guardian 54,0712345731,FEMALE,1 north
Student 55,ADM-055,student55@example.com,Guardian 55,0712345732,MALE,1 north
Student 56,ADM-056,student56@example.com,Guardian 56,0712345733,FEMALE,1 north
Student 57,ADM-057,student57@example.com,Guardian 57,0712345734,MALE,1 north
Student 58,ADM-058,student58@example.com,Guardian 58,0712345735,FEMALE,1 north
Student 59,ADM-059,student59@example.com,Guardian 59,0712345736,MALE,1 north
Student 60,ADM-060,student60@example.com,Guardian 60,0712345737,FEMALE,1 north
Student 61,ADM-061,student61@example.com,Guardian 61,0712345738,MALE,1 north
Student 62,ADM-062,student62@example.com,Guardian 62,0712345739,FEMALE,1 north
Student 63,ADM-063,student63@example.com,Guardian 63,0712345740,MALE,1 north
Student 64,ADM-064,student64@example.com,Guardian 64,0712345741,FEMALE,1 north
Student 65,ADM-065,student65@example.com,Guardian 65,0712345742,MALE,1 north
Student 66,ADM-066,student66@example.com,Guardian 66,0712345743,FEMALE,1 north
Student 67,ADM-067,student67@example.com,Guardian 67,0712345744,MALE,1 north
Student 68,ADM-068,student68@example.com,Guardian 68,0712345745,FEMALE,1 north
Student 69,ADM-069,student69@example.com,Guardian 69,0712345746,MALE,1 north
Student 70,ADM-070,student70@example.com,Guardian 70,0712345747,FEMALE,1 north
Student 71,ADM-071,student71@example.com,Guardian 71,0712345748,MALE,1 north
Student 72,ADM-072,student72@example.com,Guardian 72,0712345749,FEMALE,1 north
Student 73,ADM-073,student73@example.com,Guardian 73,0712345750,MALE,1 north
Student 74,ADM-074,student74@example.com,Guardian 74,0712345751,FEMALE,1 north
Student 75,ADM-075,student75@example.com,Guardian 75,0712345752,MALE,1 north
Student 76,ADM-076,student76@example.com,Guardian 76,0712345753,FEMALE,1 north
Student 77,ADM-077,student77@example.com,Guardian 77,0712345754,MALE,1 north
Student 78,ADM-078,student78@example.com,Guardian 78,0712345755,FEMALE,1 north
Student 79,ADM-079,student79@example.com,Guardian 79,0712345756,MALE,1 north
Student 80,ADM-080,student80@example.com,Guardian 80,0712345757,FEMALE,1 north
Student 81,ADM-081,student81@example.com,Guardian 81,0712345758,MALE,1 north
Student 82,ADM-082,student82@example.com,Guardian 82,0712345759,FEMALE,1 north
Student 83,ADM-083,student83@example.com,Guardian 83,0712345760,MALE,1 north
Student 84,ADM-084,student84@example.com,Guardian 84,0712345761,FEMALE,1 north
Student 85,ADM-085,student85@example.com,Guardian 85,0712345762,MALE,1 north
Student 86,ADM-086,student86@example.com,Guardian 86,0712345763,FEMALE,1 north
Student 87,ADM-087,student87@example.com,Guardian 87,0712345764,MALE,1 north
Student 88,ADM-088,student88@example.com,Guardian 88,0712345765,FEMALE,1 north
Student 89,ADM-089,student89@example.com,Guardian 89,0712345766,MALE,1 north
Student 90,ADM-090,student90@example.com,Guardian 90,0712345767,FEMALE,1 north
Student 91,ADM-091,student91@example.com,Guardian 91,0712345768,MALE,1 north
Student 92,ADM-092,student92@example.com,Guardian 92,0712345769,FEMALE,1 north
Student 93,ADM-093,student93@example.com,Guardian 93,0712345770,MALE,1 north
Student 94,ADM-094,student94@example.com,Guardian 94,0712345771,FEMALE,1 north
Student 95,ADM-095,student95@example.com,Guardian 95,0712345772,MALE,1 north
Student 96,ADM-096,student96@example.com,Guardian 96,0712345773,FEMALE,1 north
Student 97,ADM-097,student97@example.com,Guardian 97,0712345774,MALE,1 north
Student 98,ADM-098,student98@example.com,Guardian 98,0712345775,FEMALE,1 north
Student 99,ADM-099,student99@example.com,Guardian 99,0712345776,MALE,1 north
Student 100,ADM-100,student100@example.com,Guardian 100,0712345777,FEMALE,1 north
